feedback_id,feedback_text,timestamp,user_id,category
1,"The product is absolutely amazing! Best purchase I've made this year. Highly recommend to everyone!",2024-01-15 10:30:00,user_001,product
2,"Terrible experience. The app keeps crashing and customer support is unresponsive. Very disappointed.",2024-01-15 11:45:00,user_002,support
3,"It's okay, nothing special. Does what it's supposed to do but could be better.",2024-01-15 12:20:00,user_003,product
4,"URGENT: Critical bug in the payment system! Transactions are failing and customers are complaining.",2024-01-15 13:10:00,user_004,technical
5,"Love the new features! The interface is so intuitive and easy to use. Great job team!",2024-01-15 14:00:00,user_005,product
6,"Worst service ever. Waited 3 hours for support and still no resolution. This is unacceptable!",2024-01-15 14:30:00,user_006,support
7,"The update broke everything. Nothing works anymore. Please fix this ASAP!",2024-01-15 15:15:00,user_007,technical
8,"Pretty good overall. Some minor issues but nothing major. Would use again.",2024-01-15 16:00:00,user_008,product
9,"Excellent customer service! The support team was very helpful and resolved my issue quickly.",2024-01-15 16:45:00,user_009,support
10,"Not working at all. Error messages everywhere. This is a serious problem that needs immediate attention.",2024-01-15 17:20:00,user_010,technical
11,"Fantastic! Exceeded all my expectations. The quality is outstanding.",2024-01-16 09:00:00,user_011,product
12,"Meh, it's average. Nothing to complain about but nothing to praise either.",2024-01-16 09:30:00,user_012,product
13,"Horrible experience from start to finish. Would not recommend to anyone.",2024-01-16 10:15:00,user_013,support
14,"The new dashboard is brilliant! So much easier to navigate now.",2024-01-16 11:00:00,user_014,product
15,"System is down again! This is the third time this week. Major issue!",2024-01-16 11:45:00,user_015,technical
16,"Really impressed with the improvements. Keep up the great work!",2024-01-16 12:30:00,user_016,product
17,"Disappointed with the recent changes. The old version was much better.",2024-01-16 13:15:00,user_017,product
18,"Perfect! No complaints whatsoever. Everything works smoothly.",2024-01-16 14:00:00,user_018,product
19,"Critical security vulnerability found! Please patch immediately!",2024-01-16 14:45:00,user_019,technical
20,"Good product but delivery was slow. Otherwise satisfied with the purchase.",2024-01-16 15:30:00,user_020,product
21,"Absolutely love it! Best decision ever. Thank you so much!",2024-01-16 16:15:00,user_021,product
22,"Broken features everywhere. This needs urgent fixing. Very frustrated.",2024-01-16 17:00:00,user_022,technical
23,"Nice improvements in the latest version. Looking forward to more updates.",2024-01-16 17:45:00,user_023,product
24,"Unresponsive support team. Been waiting for days with no reply. Terrible service.",2024-01-16 18:30:00,user_024,support
25,"Works as expected. No issues so far. Decent product.",2024-01-17 09:00:00,user_025,product
26,"Amazing features! This is exactly what I needed. Highly satisfied!",2024-01-17 09:45:00,user_026,product
27,"Complete disaster. Nothing works properly. Waste of money and time.",2024-01-17 10:30:00,user_027,product
28,"The interface is confusing and not user-friendly at all.",2024-01-17 11:15:00,user_028,product
29,"Outstanding quality and performance! Couldn't be happier with this.",2024-01-17 12:00:00,user_029,product
30,"Severe performance issues. The system is extremely slow and keeps timing out.",2024-01-17 12:45:00,user_030,technical
31,"Great value for money. Recommended to all my colleagues.",2024-01-17 13:30:00,user_031,product
32,"Buggy and unreliable. Crashes frequently. Needs major improvements.",2024-01-17 14:15:00,user_032,technical
33,"Satisfactory experience. Met my basic requirements.",2024-01-17 15:00:00,user_033,product
34,"Exceptional service! The team went above and beyond to help me.",2024-01-17 15:45:00,user_034,support
35,"Data loss issue! Lost all my work. This is a critical problem!",2024-01-17 16:30:00,user_035,technical
36,"Wonderful product! Easy to use and very effective.",2024-01-17 17:15:00,user_036,product
37,"Poor quality. Not worth the price. Very disappointed.",2024-01-17 18:00:00,user_037,product
38,"Impressive updates! The new features are very useful.",2024-01-17 18:45:00,user_038,product
39,"Login system is broken. Cannot access my account. Please help urgently!",2024-01-17 19:30:00,user_039,technical
40,"Superb! Everything I hoped for and more. Five stars!",2024-01-18 09:00:00,user_040,product
41,"It's fine. Does the job but nothing extraordinary.",2024-01-18 09:45:00,user_041,product
42,"Awful experience. Would give zero stars if I could.",2024-01-18 10:30:00,user_042,support
43,"Love the simplicity and elegance of the design!",2024-01-18 11:15:00,user_043,product
44,"Major outage affecting all users. Emergency situation!",2024-01-18 12:00:00,user_044,technical
45,"Very pleased with the results. Exactly what I needed.",2024-01-18 12:45:00,user_045,product
46,"Frustrating to use. Too many bugs and glitches.",2024-01-18 13:30:00,user_046,technical
47,"Brilliant solution! Solved all my problems efficiently.",2024-01-18 14:15:00,user_047,product
48,"Mediocre at best. Expected much more for the price.",2024-01-18 15:00:00,user_048,product
49,"Fantastic support team! Very responsive and helpful.",2024-01-18 15:45:00,user_049,support
50,"System error causing financial losses. Immediate action required!",2024-01-18 16:30:00,user_050,technical